-- Groupes

INSERT INTO groupes
values ('info1', null);
INSERT INTO groupes
values ('info2', null);
INSERT INTO groupes
values ('A', 'info2');
INSERT INTO groupes
values ('B', 'info2');
INSERT INTO groupes
values ('C', 'info2');
INSERT INTO groupes
values ('D', 'info2');
INSERT INTO groupes
values ('F', 'info1');
INSERT INTO groupes
values ('G', 'info1');
INSERT INTO groupes
values ('H', 'info1');
INSERT INTO groupes
values ('I', 'info1');
INSERT INTO groupes
values ('J', 'info1');
INSERT INTO groupes
values ('A1', 'A');
INSERT INTO groupes
values ('B1', 'B');
INSERT INTO groupes
values ('B2', 'B');
INSERT INTO groupes
values ('C1', 'C');
INSERT INTO groupes
values ('C2', 'C');
INSERT INTO groupes
values ('D1', 'D');
INSERT INTO groupes
values ('D2', 'D');
INSERT INTO groupes
values ('F1', 'F');
INSERT INTO groupes
values ('F2', 'F');
INSERT INTO groupes
values ('G1', 'G');
INSERT INTO groupes
values ('G2', 'G');
INSERT INTO groupes
values ('H1', 'H');
INSERT INTO groupes
values ('H2', 'H');
INSERT INTO groupes
values ('I1', 'I');
INSERT INTO groupes
values ('I2', 'I');
INSERT INTO groupes
values ('J1', 'J');
INSERT INTO groupes
values ('J2', 'J');


-- Modules

INSERT INTO modules
values ('M1101', 'Intro Système', 'B5B9CD', 'E');
INSERT INTO modules
values ('M1102', 'Intro Algo', 'BDD7EE', 'E');
INSERT INTO modules
values ('M1103', 'Algo Fondamentaux', 'BDD7EE', 'E');
INSERT INTO modules
values ('M1104', 'Bado 1', 'E9918D', 'E');
INSERT INTO modules
values ('M1105a', 'CDIN (TD)', 'D1AFDD', 'E');
INSERT INTO modules
values ('M1105b', 'CDIN (HTML)', 'D1AFDD', 'E');
INSERT INTO modules
values ('M1106', 'Projet 1', '', 'E');
INSERT INTO modules
values ('M1201', 'Math discrètes', 'C1E6AA', 'E');
INSERT INTO modules
values ('M1202', 'Algèbre linéaire', 'C1E6AA', 'E');
INSERT INTO modules
values ('M1203', 'Eco', '', 'E');
INSERT INTO modules
values ('M1204', 'Fonct° Organisat°', '', 'E');
INSERT INTO modules
values ('M1205', 'Expression 1', 'F0D5F3', 'E');
INSERT INTO modules
values ('M1206', 'Anglais 1', 'F4EAD6', 'E');
INSERT INTO modules
values ('M1207', 'PPP 1', '', 'E');
INSERT INTO modules
values ('M2101', 'Architecture', 'B5B9CD', 'E');
INSERT INTO modules
values ('M2102', 'Réseaux 2', 'B5B9CD', 'E');
INSERT INTO modules
values ('M2103', 'Concept° Objet', 'BDD7EE', 'E');
INSERT INTO modules
values ('M2104', 'Prog Objet', 'BDD7EE', 'E');
INSERT INTO modules
values ('M2105', 'IHM', '', 'E');
INSERT INTO modules
values ('M2106', 'Bado 2', 'E9918D', 'E');
INSERT INTO modules
values ('M2107', 'Projet 2', '', 'E');
INSERT INTO modules
values ('M2201', 'Graphes & Langages', 'C1E6AA', 'E');
INSERT INTO modules
values ('M2202', 'Analyse & méth num.', 'C1E6AA', 'E');
INSERT INTO modules
values ('M2203', 'Gestion', '', 'E');
INSERT INTO modules
values ('M2204', 'Gestion de projet', '', 'E');
INSERT INTO modules
values ('M2205', 'Expression 2', 'F0D5F3', 'E');
INSERT INTO modules
values ('M2206', 'Anglais 2', 'F4EAD6', 'E');
INSERT INTO modules
values ('M2207', 'PPP 2', '', 'E');
INSERT INTO modules
values ('M3101', 'Syst Exploitat°', 'B5B9CD', 'E');
INSERT INTO modules
values ('M3102', 'Réseaux 3', 'B5B9CD', 'E');
INSERT INTO modules
values ('M3103', 'Algo Av', 'BDD7EE', 'E');
INSERT INTO modules
values ('M3104a', 'Prog web (PHP)', 'D1AFDD', 'E');
INSERT INTO modules
values ('M3104b', 'Prog web (XML)', 'D1AFDD', 'E');
INSERT INTO modules
values ('M3105', 'CPOA', '', 'E');
INSERT INTO modules
values ('M3106C', 'Bado 3', 'E9918D', 'E');
INSERT INTO modules
values ('M3201', 'Proba Stat', '', 'E');
INSERT INTO modules
values ('M3202C', 'Modélisat° Math', 'C1E6AA', 'E');
INSERT INTO modules
values ('OS06', 'Analyse', 'C1E6AA', 'E');
INSERT INTO modules
values ('M3203', 'Droit des TIC', '', 'E');
INSERT INTO modules
values ('M3204', 'GSI', '', 'E');
INSERT INTO modules
values ('M3205', 'Expression 3', 'F0D5F3', 'E');
INSERT INTO modules
values ('M3206', 'Anglais 3', 'F4EAD6', 'E');
INSERT INTO modules
values ('M3301', 'MPA', '', 'E');
INSERT INTO modules
values ('M3302', 'Projet 3', '', 'E');
INSERT INTO modules
values ('M3303', 'PPP 3', '', 'E');
INSERT INTO modules
values ('M4101C', 'ASR', 'B5B9CD', 'E');
INSERT INTO modules
values ('M4102C', 'Prog répartie', '', 'E');
INSERT INTO modules
values ('M4104C', 'Prog Mobile', '', 'E');
INSERT INTO modules
values ('M4105C', 'Prog Web 4', 'D1AFDD', 'E');
INSERT INTO modules
values ('M4201C', 'Créat° Entreprise', '', 'E');
INSERT INTO modules
values ('M4202C', 'Rech Opérationnelle', '', 'E');
INSERT INTO modules
values ('M4203', 'Expression 4', 'F0D5F3', 'E');
INSERT INTO modules
values ('M4204', 'Anglais 4', 'F4EAD6', 'E');
INSERT INTO modules
values ('OS07', 'Algèbre', 'C1E6AA', 'E');
INSERT INTO modules
values ('OS08', 'Trait. de l''info', 'C1E6AA', 'E');
INSERT INTO modules
values ('M4106', 'Projet 4', '', 'E');
INSERT INTO modules
values ('M4301', 'Stage', '', 'E');
INSERT INTO modules
values ('Mtut', 'Tutorat', '', 'T');


-- Utilisateurs

INSERT INTO utilisateurs(id_user, nom, prenom, mdp, role_utilisateur)
values ('lepiverp', 'Le Pivert', 'Philippe', 'xxxxxxxx', 'E');
INSERT INTO utilisateurs(id_user, nom, prenom, mdp, role_utilisateur)
values ('boukachh', 'Boukachour', 'Hadhoum', 'xxxxxxxx', 'E');
INSERT INTO utilisateurs(id_user, nom, prenom, mdp, role_utilisateur)
values ('dufloh', 'Duflo', 'Hugues', 'xxxxxxxx', 'E');
INSERT INTO utilisateurs(id_user, nom, prenom, mdp, role_utilisateur)
values ('nivetl', 'Nivet', 'Laurence', 'xxxxxxxx', 'E');
INSERT INTO utilisateurs(id_user, nom, prenom, mdp, role_utilisateur)
values ('legrixb', 'Legrix', 'Bruno', 'xxxxxxxx', 'AE');
INSERT INTO utilisateurs(id_user, nom, prenom, mdp, role_utilisateur)
values ('ba18xxxx', 'Baradel', 'Arthur', 'xxxxxxxx', 'T');
INSERT INTO utilisateurs(id_user, nom, prenom, mdp, role_utilisateur)
values ('lr18xxxx', 'Lefebvre', 'Raphaël', 'xxxxxxxx', 'T');
INSERT INTO utilisateurs(id_user, nom, prenom, mdp, role_utilisateur)
values ('rs18xxxx', 'Remacle', 'Swan', 'xxxxxxxx', 'T');
INSERT INTO utilisateurs(id_user, nom, prenom, mdp, role_utilisateur)
values ('ft18xxxx', 'Fouchet', 'Thibault', 'xxxxxxxx', 'T');
INSERT INTO utilisateurs(id_user, nom, prenom, mdp, role_utilisateur)
values ('admin', 'admin', 'admin', 'admin', 'A');


-- Affectations des modules

INSERT INTO affectationsModules(id_user, valeur_module)
values ('lepiverp', 'M1102');
INSERT INTO affectationsModules(id_user, valeur_module)
values ('lepiverp', 'M1103');
INSERT INTO affectationsModules(id_user, valeur_module)
values ('lepiverp', 'M1106');
INSERT INTO affectationsModules(id_user, valeur_module)
values ('lepiverp', 'M2103');
INSERT INTO affectationsModules(id_user, valeur_module)
values ('lepiverp', 'M2104');
INSERT INTO affectationsModules(id_user, valeur_module)
values ('lepiverp', 'M2105');
INSERT INTO affectationsModules(id_user, valeur_module)
values ('lepiverp', 'M2107');
INSERT INTO affectationsModules(id_user, valeur_module)
values ('lepiverp', 'M3103');
INSERT INTO affectationsModules(id_user, valeur_module)
values ('lepiverp', 'M3104');
INSERT INTO affectationsModules(id_user, valeur_module)
values ('lepiverp', 'M3302');
INSERT INTO affectationsModules(id_user, valeur_module)
values ('boukachh', 'M1104');
INSERT INTO affectationsModules(id_user, valeur_module)
values ('boukachh', 'M1105b');
INSERT INTO affectationsModules(id_user, valeur_module)
values ('boukachh', 'M1106');
INSERT INTO affectationsModules(id_user, valeur_module)
values ('boukachh', 'M1206');
INSERT INTO affectationsModules(id_user, valeur_module)
values ('boukachh', 'M2105');
INSERT INTO affectationsModules(id_user, valeur_module)
values ('boukachh', 'M2107');
INSERT INTO affectationsModules(id_user, valeur_module)
values ('boukachh', 'M2207');
INSERT INTO affectationsModules(id_user, valeur_module)
values ('boukachh', 'M3103');
INSERT INTO affectationsModules(id_user, valeur_module)
values ('boukachh', 'M3105');
INSERT INTO affectationsModules(id_user, valeur_module)
values ('boukachh', 'M3302');
INSERT INTO affectationsModules(id_user, valeur_module)
values ('boukachh', 'M4102');
INSERT INTO affectationsModules(id_user, valeur_module)
values ('dufloh', 'M1102');
INSERT INTO affectationsModules(id_user, valeur_module)
values ('dufloh', 'M1103');
INSERT INTO affectationsModules(id_user, valeur_module)
values ('dufloh', 'M1206');
INSERT INTO affectationsModules(id_user, valeur_module)
values ('dufloh', 'M2101');
INSERT INTO affectationsModules(id_user, valeur_module)
values ('dufloh', 'M2102');
INSERT INTO affectationsModules(id_user, valeur_module)
values ('dufloh', 'M2107');
INSERT INTO affectationsModules(id_user, valeur_module)
values ('dufloh', 'M2207');
INSERT INTO affectationsModules(id_user, valeur_module)
values ('dufloh', 'M3102');
INSERT INTO affectationsModules(id_user, valeur_module)
values ('dufloh', 'M3302');
INSERT INTO affectationsModules(id_user, valeur_module)
values ('dufloh', 'M4106');
INSERT INTO affectationsModules(id_user, valeur_module)
values ('nivetl', 'M1106');
INSERT INTO affectationsModules(id_user, valeur_module)
values ('nivetl', 'M1205');
INSERT INTO affectationsModules(id_user, valeur_module)
values ('nivetl', 'M1206');
INSERT INTO affectationsModules(id_user, valeur_module)
values ('nivetl', 'M2107');
INSERT INTO affectationsModules(id_user, valeur_module)
values ('nivetl', 'M2205');
INSERT INTO affectationsModules(id_user, valeur_module)
values ('nivetl', 'M2207');
INSERT INTO affectationsModules(id_user, valeur_module)
values ('nivetl', 'M3205');
INSERT INTO affectationsModules(id_user, valeur_module)
values ('nivetl', 'M3303');
INSERT INTO affectationsModules(id_user, valeur_module)
values ('nivetl', 'M4203');
INSERT INTO affectationsModules(id_user, valeur_module)
values ('ba18xxxx', 'Mtut');
INSERT INTO affectationsModules(id_user, valeur_module)
values ('lr18xxxx', 'Mtut');
INSERT INTO affectationsModules(id_user, valeur_module)
values ('rs18xxxx', 'Mtut');
INSERT INTO affectationsModules(id_user, valeur_module)
values ('ft18xxxx', 'Mtut');


-- Affectations des tuteurs aux groupes

insert into affectationGroupesTuteurs
values ('ba18xxxx','I');
insert into affectationGroupesTuteurs
values ('lr18xxxx','I');
insert into affectationGroupesTuteurs
values ('rs18xxxx','I');
insert into affectationGroupesTuteurs
values ('ft18xxxx','I');


-- Séances

insert into seance
values ('M1102', date(now()), 'dufloh', 'TP', 'F');
insert into seance
values ('M1102', date(now()), 'lepiverp', 'TD', 'F');
insert into seance
values ('Mtut', date(now()), 'ba18xxxx', 'TP', 'I');

-- Évènements

insert into evenement
values (default, 'M1102', date(now()), 'dufloh', 'TP', 'F', 'Travail fait', 'Ceci est une description', '', 1);
insert into evenement
values (default, 'M1102', date(now()), 'dufloh', 'TP', 'F', 'Travail à faire', 'Ceci est une autre description', date(now()), 1);
insert into evenement
values (default, 'M1102', date(now()), 'lepiverp', 'TD', 'F', 'Travail fait', 'Description', '', 1);
insert into evenement
values (default, 'Mtut', date(now()), 'ba18xxxx', 'TP', 'I', 'Travail fait', 'Du bon travail', '');

insert into evenement values(default, 'M1102', date(now()), 'dufloh', 'TP', 'F', 'Travail à faire', 'Oui', date(now() + INTERVAL '1 day'), null);
insert into evenement values(default, 'M1102', date(now()), 'dufloh', 'TP', 'F', 'Travail à faire', 'Oui', date(now() + INTERVAL '1 day'), 0);
insert into evenement values(default, 'M1102', date(now()), 'dufloh', 'TP', 'F', 'Travail à faire', 'Oui', date(now() + INTERVAL '1 day'), 0);
